Jhon Doe,jhon,Doe ,Artist ,43,1978-10-29,Canada,Sydny ,2020-01-10,23000
Jhon Doe,jhon,Doe ,Artist ,44,1978-10-30,Canada,Sydny ,2020-01-11,23001
Jhon Doe,jhon,Doe ,Artist ,45,1978-10-31,Canada,Sydny ,2020-01-12,23002
Jhon Doe,jhon,Doe ,Artist ,46,1978-11-01,Canada,Sydny ,2020-01-13,23003
Jhon Doe,jhon,Doe ,Artist ,47,1978-11-02,Canada,Sydny ,2020-01-14,23004
Jhon Doe,jhon,Doe ,Artist ,48,1978-11-03,Canada,Sydny ,2020-01-15,23005
Jhon Doe,jhon,Doe ,Artist ,49,1978-11-04,Canada,Sydny ,2020-01-16,23006
Jhon Doe,jhon,Doe ,Artist ,50,1978-11-05,Canada,Sydny ,2020-01-17,23007
Jhon Doe,jhon,Doe ,Artist ,51,1978-11-06,Canada,Sydny ,2020-01-18,23008
Jhon Doe,jhon,Doe ,Artist ,52,1978-11-07,Canada,Sydny ,2020-01-19,23009
Jhon Doe,jhon,Doe ,Artist ,53,1978-11-08,Canada,Sydny ,2020-01-20,23010
Jhon Doe,jhon,Doe ,Artist ,54,1978-11-09,Canada,Sydny ,2020-01-21,23011
Jhon Doe,jhon,Doe ,Artist ,55,1978-11-10,Canada,Sydny ,2020-01-22,23012
Jhon Doe,jhon,Doe ,Artist ,56,1978-11-11,Canada,Sydny ,2020-01-23,23013
Jhon Doe,jhon,Doe ,Artist ,57,1978-11-12,Canada,Sydny ,2020-01-24,23014
Jhon Doe,jhon,Doe ,Artist ,58,1978-11-13,Canada,Sydny ,2020-01-25,23015
Jhon Doe,jhon,Doe ,Artist ,59,1978-11-14,Canada,Sydny ,2020-01-26,23016
Jhon Doe,jhon,Doe ,Artist ,60,1978-11-15,Canada,Sydny ,2020-01-27,23017
Jhon Doe,jhon,Doe ,Artist ,61,1978-11-16,Canada,Sydny ,2020-01-28,23018
Jhon Doe,jhon,Doe ,Artist ,62,1978-11-17,Canada,Sydny ,2020-01-29,23019
